Subject,Category
Thank you for Applying to Amazon!,Job
Thank you for applying for Deep Learning Software Engineer at HP,Job
"Thanks for your application, Chandrashekhar",Job
Thank you for applying to Fractal.ai,Job
Thank you for your application to MakeMyTrip,Job
Your application for Business/Data Analyst at IBM India Pvt Ltd,Job
hirist.com - Data Scientist - Machine Learning/Deep Learning (1-5),Job
your application for ML Software Engineer at Cargill India Pvt. Ltd.,Job
Thank you for your application for Head - Data Scientist,Job
Thank you for Applying,Job
Thank you for applying to cloudxlab,Job
Thank you for Applying to Intel!,Job
Thank you for applying for Zycus - Data Scientist - NLP/Deep Learning (1-10 yrs) position,Job
Thank you for Applying to Amazon!,Job
Thank you for applying to Myntra,Job
Thank you for applying for Associate Data Scientist - MFG at Noodle.ai,Job
Thank you for applying at CoStrategix,Job
Thank you for applying at Promptcloud,Job
Thank you for applying to Brillio technologies,Job
Thank you for applying for CrowdANALYTIX,Job
Thank you for applying for Artivatic.ai ,Job
Thank you for applying,Job
Thank you for applying to the Data Analyst position at ALEMBIC PHARMACEUTICALS PVT LTD.,Job
Thank you for Applying,Job
Thank you for applying tp Pontoon solutions,Job
Thank you for applying to [24]7.ai,Job
Thank you for applying!,Job
Thank you for applying,Job
Thank you for Applying,Job
Thank you for your application submission,Job
Thank you for applying our internship program,Job
Thank you for applying ,Job
Thank you for applying to capital float,Job
Thank you for applying,Job
Thank you for applying !,Job
Thank you for applying,Job
Thank you for applying at GLOBALFOUNDRIES,Job
Thank you for applying to vedantu,Job
Thank you for Applying,Job
Thank you for applyting to Cynepia Technologies,Job
Thank you for Applying!,Job
Thank you for applying,Job
Thank you for applying at philips,Job
Thank you for your application,Job
Thank you for applying!,Job
Thank you for applying at Crimson Interactive Pvt. Ltd.,Job
Thank you for applying,Job
Thank you for applying at Genpact,Job
Thank you for applying for Happymonk Technology Pvt Ltd,Job
Thank you for applying,Job
Thank you for Applying to Morgan Stanley,Job
Thank you for applying!,Job
Thank you for applying for Software Co,Job
Thank you for applying,Job
Thank you for applying to HDINFOTECH,Job
Thank you for applying!,Job
Thank you for applying for Braingrid Technologies,Job
Thank you for applying,Job
Thank you for applying for Teknomatics,Job
Thank you for Applying,Job
Thank you for applying,Job
Thank you for applying for Agamin Inc,Job
Thank you for applying,Job
Thank you for applying to Craftech360,Job
Thank you for Applying,Job
Thank you for applying,Job
Thank you for applying!,Job
Thank you for applying,Job
Thank you for applying for Flabber Technoloy and Services,Job
Thank you for applying,Job
Thank you for applying,Job
Thank you for applying to ERAINTERFACES,Job
Thank you for Applying,Job
Thank you for applying for Lesolvo,Job
Thank you for applying,Job
Thank you for applying,Job
Thank you for applying for Gojek,Job
Thank you for applying,Job
Thank you for applying!,Job
Thank you for applying,Job
Thank you for applying for UIPath,Job
Thank you for applying,Job
Thank you for applying!,Job
Thank you for applying to Jiffy.ai,Job
Thank you for Applying,Job
Thank you for applying to Acko,Job
Thank you for applying,Job
Thank you for applying,Job
Thank you for Applying to Qure.ai,Job
Thank you for applying,Job
Thank you for applying,Job
Thank you for applying for Regex Software,Job
Thank you for applying,Job
Thank you for applying,Job
Thank you for Applying for CropIn,Job
Thank you for applying!,Job
Thank you for applying to Unipore,Job
Thank you for applying,Job
Thank you for Applying,Job
Thank you for applying,Job
Thank you for applying to Flutura,Job
Thank you for applying to Qubole!,Job
Thank you for Applying ,Job
Thank you for applying to Netradyne,Job
Thank you for applying for Capillary!,Job
Thank you for applying!,Job
Thank you for applying!,Job
Thank you for applying!,Job
Thank you for Applying for Textron,Job
Thank you for applying,Job
Thank you for Applying!,Job
Thank you for applying to SigTuple,Job
Thank you for applying for Drivezy!,Job
Thank you for Applying!,Job
Thank you for applying,Job
Thank you for Applying!,Job
Thank you for applying for Sigtuple,Job
Thank you for applying!,Job
Thank you for applying for Locus..!,Job
Thank you for applying!,Job
Thank you for applying!,Job
Thank you for applying HashedIn!,Job
Thank you for applying!,Job
Thank you for applying to Cognitive Machines,Job
Thank you for Applying!,Job
Thank you for applying to Day One Technologies,Job
Thank you for applying!,Job
Thank you for applying!,Job
Thank you for applying to Zignite labs,Job
Thank you for applying!,Job
Thank you for applying to Greatlearning,Job
Thank you for applying!,Job
Thank you for Applying to us,Job
Thank you for applying!,Job
Thank you for Applying Juspay labs!,Job
Thank you for applying!,Job
Thank you for Applying!,Job
Thank you for applying!,Job
Thank you for applying for Jupiter,Job
Thank you for applying!,Job
Thank you for applying!,Job
Thank you for applying to Applify,Job
Thank you for Applying!,Job
Thank you for applying!,Job
Thank you for applying to Marlabs Inc,Job
Thank you for applying!,Job
Thank you for applying to Saarthi,Job
Thank you for applying!,Job
Thank you for Applying!,Job
Thank you for Applying for Focaloid Technologies,Job
Thank you for applying!,Job
Thank you for Applying!,Job
Thank you for applying at Omdena,Job
Thank you for applying!,Job
Thank you for applying!,Job
Thank you for Applying for CrowdShakti,Job
Thank you for applying!,Job
Thank you for Applying to Twerlo AI,Job
Thank you for applying!,Job
Thank you for Applying to Pichain,Job
Thank you for applying!,Job
Thank you for applying!,Job
Thank you for applying for XYZ,Job
Thank you for applying!,Job
Thank you for applying,Job
Thank you for applying!,Job
Thank you for Applying for BCG,Job
Thank you for applying!,Job
Thank you for Applying!,Job
Thank you for applying to Zencode Technologies,Job
Thank you for applying!,Job
Thank you for applying to Corner Stone Solutions,Job
Thank you for applying!,Job
Thank you for applying for Smarter.Codes,Job
Thank you for applying to Palpx,Job
Thank you for applying!,Job
Thank you for Applying!,Job
Thank you for applying for Frshr Technologies,Job
Thank you for applying,Job
Thank you for Applying,Job
Thank you for applying to Royal Cyber,Job
Thank you for applying!,Job
Thank you for applying for Wissen Technology,Job
Thank you for applying!,Job
Thank you for Applying to Infosys,Job
Thank you for applying!,Job
Thank you for applying to Smooper Labs,Job
Thank you for applying!,Job
Thank you for Applying,Job
Thank you for applying for Greet Technologies Pvt Ltd,Job
Thank you for applying!,Job
Thank you for applying for Accenture,Job
Thank you for Applying!,Job
Thank you for applying to Google,Job
Thank you for applying!,Job
Thank you for Applying to Swabhav techlabs,Job
Thank you for applying!,Job
Thank you for applying!,Job
Thank you for applying for AdaptNXT Technology Solutions,Job
Thank you for applying!,Job
Thank you for applying!,Job
Thank you for applying for TikiLive,Job
Thank you for applying!,Job
